|3 Ways to Use Edmodo PD Tools for Administrators| |August 30th, 2016|
|The Global Search for Education: Just Imagine Secretary Fisher| |August 26th, 2016|
|3 Reasons You Should Try Online Learning| |August 25th, 2016|
|Teach Better Together Contest: Enter for a Chance to Win 6 iPads for your Classroom| |August 24th, 2016|
|Bring STEAM to Life with PhET| |August 23rd, 2016|
|The Global Search for Education: Living Happy| |August 19th, 2016|
|N-n-n-n-nervous about day one? Check out 14 fun activities for that first day of class.| |August 19th, 2016|
|5 Cool New Ways To Get The Most From Edmodo Discussions| |August 18th, 2016|
|Become an Edmodo Envoy and Host a TeachUp!| |August 17th, 2016|
|11 Humbling #EdTechFails That Prove You’re Not Alone (Whew!)| |August 16th, 2016|
|The Global Search for Education: Just Imagine Secretary Hargreaves| |August 12th, 2016|
|Edmodo and Microsoft Partner for Success| |August 10th, 2016|
|MisterEdTech is Redefining Learning Using Google + Edmodo| |August 9th, 2016|
|The Choice is Yours for Back to School| |August 8th, 2016|
|The Global Search for Education: WHAT is “Four-Dimensional” Education?| |August 5th, 2016|
|Explore Your Learning Ecosystem This Summer| |August 3rd, 2016|
|Edmodo + Digital Promise Partnership is Reimagining PD for Teachers| |August 2nd, 2016|
|Road to EdmodoCon 2016: Meet Monique Dalli| |August 1st, 2016|
|The Global Search for Education: The Top Global Teacher Bloggers on Skills, Behaviors and Attitudes Global Citizens Need| |July 29th, 2016|
|Road to EdmodoCon 2016: Meet Speaker Craig Blewett| |July 28th, 2016|
|Road to EdmodoCon 2016: Panel – Supporting The Whole Student| |July 26th, 2016|
|The Global Search for Education: From Local to Global| |July 22nd, 2016|
|Road to EdmodoCon 2016: Meet Speaker Rashenah Walker, Curriculum Coordinator| |July 21st, 2016|
|Road to Edmodocon 2016: Michelle Tripp, Secondary ELA Coordinator| |July 19th, 2016|
|The Global Search for Education: A Focus on U.S. Education| |July 15th, 2016|
|Road to EdmodoCon 2016:  Meet Speaker Alejandra Guzman| |July 14th, 2016|
|Road to Edmodocon 2016: Meet Speaker Stephanie Ward| |July 12th, 2016|
|The Global Search for Education: How They Decide Who Gets In| |July 10th, 2016|
|Road to EdmodoCon 2016: Meet Speakers Wendy Dowler and Jennifer Kindred| |July 7th, 2016|
|Road to EdmodoCon 2016: Meet Speakers Marjorie Miller and Iwona Kowalik| |July 5th, 2016|
|The Global Search for Education: Top Global Teacher Bloggers – How do we inspire the best and the brightest to become educators?| |July 1st, 2016|
|Come Explore With Us at ISTE 2016| |June 26th, 2016|
|The Global Search for Education: In Search of Professional Ethicists – On Becoming a Consummate Professional – Part 3| |June 24th, 2016|
|5 Ways to Use Edmodo Statistics| |June 24th, 2016|
|The Global Search for Education: In Search of Professional Ethicists – Is Education a Profession? – Part 2| |June 17th, 2016|
|#EdmodoGlobal Twitter Chat: Global Collaborative Learning on Edmodo| |June 13th, 2016|
|The Global Search for Education: In Search of Professional Ethicists – Do they Exist? – Part 1| |June 10th, 2016|
|Education Post: A Path to a Brighter Future| |June 8th, 2016|
|Go Global with Edmodo at #ISTE16| |June 7th, 2016|
|The Global Search for Education: Top Global Teacher Bloggers – Cultivating Young Readers| |June 3rd, 2016|
|4 Takeaways from Global Leadership Week| |June 2nd, 2016|
|EdmodoCon 2016: Register Today| |May 31st, 2016|
|The Global Search for Education: How to Make Music Online| |May 27th, 2016|
|The Global Search for Education: Just Imagine – Pak Tee Ng – Singapore| |May 20th, 2016|
|Data, Disney, and a Dash of Edmodo| |May 18th, 2016|
|The Global Search for Education: Help Failing Students Improve| |May 13th, 2016|
|Classroom Conversations: Using Multimedia to Explore Global Issues| |May 11th, 2016|
|Announcing the #EdmodoGlobal Twitter Chat| |May 10th, 2016|
|The Global Search for Education: Top Global Teacher Bloggers – What’s New On Social?| |May 6th, 2016|
|Technology and Student-Driven Collaboration: Transforming Literature Circles Using Edmodo| |May 4th, 2016|
|Students Say It Best: Teacher Appreciation Day| |May 3rd, 2016|
|The Global Search for Education: An Interview with Ambassador Kirsti Kauppi| |April 29th, 2016|
|The Global Search for Education: More Materials for the Arts| |April 22nd, 2016|
|Alternative Testing Formats Reveal Higher Math Comprehension in Girls| |April 18th, 2016|
|The Global Search for Education: Meet the Teachers| |April 15th, 2016|
|The Global Search for Education: Innovation, Quality and Mobile| |April 8th, 2016|
|Dear Teachers: You talked, We listened.| |April 5th, 2016|
|The Global Search for Education: Top Global Teacher Bloggers – What are the best examples you have seen of teachers closing the gender gap in education?| |March 31st, 2016|
|Three Ways Educators Can Help Prepare a Globally Competent Generation| |March 30th, 2016|
|Designing Blended Learning Classrooms with a Little Help from Edmodo| |March 29th, 2016|
|The Global Search for Education: Training Teachers Online| |March 25th, 2016|
|Take Part in Global Leadership Week: April 25-29, 2016| |March 24th, 2016|
|Five Ways Peekapak Transforms 21st Century Character Education| |March 23rd, 2016|
|The Global Search for Education: The New Higher Ed| |March 20th, 2016|
|The Global Search for Education: Learning to Live Together| |March 11th, 2016|
|The Global Search for Education: Latin America is Online| |March 4th, 2016|
|The Global Search for Education: Our Top Global Teacher Blogs – Top 10 ways that administrators can help new teachers avoid burning out| |February 26th, 2016|
|The Force is Awakened in Teachers Using Open Educational Resources| |February 25th, 2016|
|Math Games: 5 Takeaways from the Online Gaming Industry that Apply to EdTech| |February 24th, 2016|
|Announcing the #EdmodoGS4Echat on Twitter!| |February 22nd, 2016|
|The Global Search for Education: Learning How to Learn| |February 18th, 2016|
|Ambassador of The Year 2015| |February 16th, 2016|
|Microsoft and Edmodo: A Match Made in Heaven| |February 14th, 2016|
|The Global Search for Education: Global Goals Require Change| |February 12th, 2016|
|The Global Search for Education: Successful Integration Strategies for Migrants| |February 5th, 2016|
|The Global Search for Education: Our Top 12 Global Teacher Blogs – Remembering Joe Bower and His Love of Learning| |January 29th, 2016|
|The Global Search for Education: Just Imagine – Tony Wagner and Ted Dintersmith| |January 22nd, 2016|
|The Global Search for Education: A Haven for Artists and More| |January 15th, 2016|
|New Year, New Assignments| |January 14th, 2016|
|The Global Search for Education: What’s Best For Your Child?| |January 8th, 2016|
|The Global Search for Education: Learning for a New World| |January 1st, 2016|
|The Global Search for Education: Our Top 12 Global Teacher Blogs – What are the Best Ways for Teachers to Engage Their Classrooms in a Global Conversation?| |December 25th, 2015|
|Access to Education from Home or Hospital Bed: A Conversation with WSAPC| |December 23rd, 2015|
|The Global Search for Education: With the World in Mind| |December 18th, 2015|
|The Global Search for Education: Your Mission is To Play!| |December 11th, 2015|
|5 EdTech Takeaways from 2015 Superintendent-of-the-Year Katrise Perera| |December 9th, 2015|
|The Global Search for Education: Health and Higher Achievement Part 2| |December 4th, 2015|
|The Global Search for Education: Our Top 12 Global Teacher Blogs – What are the top games that can help students learn?| |November 27th, 2015|
|The Global Search for Education: Health and Higher Achievement| |November 20th, 2015|
|The Evolution of Learning Tools and Techniques in Education| |November 18th, 2015|
|The Global Search for Education: Just Imagine – John Martin| |November 13th, 2015|
|The Global Search for Education: Good Jobs Are Back for College Graduates| |November 6th, 2015|
|Edmodo – The Network That Connects Students Across Countries| |November 4th, 2015|
|The Global Search for Education: 12 Teacher Bloggers Discuss If Social Media Plays a Role in Managing a Successful Classroom| |October 30th, 2015|
|Edmodo Goes to the White House!| |October 29th, 2015|
|Real World Collaboration on PBL Using Edmodo| |October 28th, 2015|
|Edmodo: The Glue That Connects Us All| |October 27th, 2015|
|Forging Connections Through Collaboration| |October 26th, 2015|
|The Global Search for Education: A Global Education for All| |October 23rd, 2015|
|The Need For Digital Citizenship 24/7/365| |October 22nd, 2015|
|What Matters to You, Matters: The Real Value of Digital Citizenship| |October 20th, 2015|
|The Global Search for Education: Gender, Gender, Gender – do we get it?| |October 16th, 2015|
|Global Collaboration: Beyond Classroom Borders| |October 14th, 2015|
|The Global Search for Education: The New UN Agenda — What Is the Role of Education?| |October 9th, 2015|
|Baby Steps: Navigating the Vast World of Educational Technology| |October 6th, 2015|
|The Global Search for Education: 12 Teacher Bloggers Discuss Their Most Challenging Classrooms| |October 2nd, 2015|
|Preparing Our Kids For Their Future| |September 29th, 2015|
|The Global Search for Education: Teaching in a Global World| |September 25th, 2015|
|The Global Search for Education:  Can Tech Help Students Learn?| |September 18th, 2015|
|Celebrating Global Collaboration Day With Edmodo| |September 16th, 2015|
|7 Resources For Essay Writing That Make a Teacher’s Life Easier| |September 14th, 2015|
|The Global Search for Education: Families, Schools, & Communities| |September 11th, 2015|
|Edmodo and the 9 Elements of Digital Citizenship: Minding Our Digital Footprints| |September 8th, 2015|
|The Global Search for Education: Is this the Age of the Arts?| |September 4th, 2015|
|A Global Math Challenge For Math-Loving Students| |September 3rd, 2015|
|Rewrite How Students Cite With RefME| |September 1st, 2015|
|The Global Search for Education: 12 Teacher Bloggers Discuss the Best Ways Parents & Teachers Can Help Each Other| |August 28th, 2015|
|The Global Search for Education: Reform Practices in Poland| |August 21st, 2015|
|The Global Search for Education: 21st Century Skills from the Middle East| |August 14th, 2015|
|The Global Search for Education: How to Lead Well| |August 7th, 2015|
|EdmodoCon 2015 Wrap-Up: Express Yourself and Let Your Successes Shine| |August 4th, 2015|
|The Global Search for Education: Vibhu Mittal and Michael Horn Discuss How Tech Is Changing Education| |August 4th, 2015|
|EdmodoCon 2015: Now Streaming Live| |August 4th, 2015|
|EdmodoCon 2015: 5 Ways to Get Ready for Tomorrow’s Event| |August 3rd, 2015|
|The Global Search for Education: 7 Teachers on 7 Continents #EdChat on #EdTech| |August 2nd, 2015|
|EdmodoCon 2015: Meet Speaker Kari Salomon| |July 31st, 2015|
|The Global Search for Education: 12 Teacher Bloggers Discuss How to Reduce Bullying| |July 31st, 2015|
|EdmodoCon 2015: Meet Speaker Randy Fairfield| |July 30th, 2015|
|EdmodoCon 2015: Meet Speaker Kathy Pittinger| |July 29th, 2015|
|EdmodoCon 2015: Meet Speaker John Choins| |July 28th, 2015|
|EdmodoCon 2015: Meet Speaker Rachelle Wooten| |July 27th, 2015|
|EdmodoCon 2015: Meet Speaker John Shoemaker| |July 24th, 2015|
|The Global Search for Education: What Israel Did to Improve PISA Results| |July 24th, 2015|
|EdmodoCon 2015: Conozca a Nuestra Presentadora Teresa Perles| |July 23rd, 2015|
|EdmodoCon 2015: Meet Speaker Peter Grostic| |July 22nd, 2015|
|EdmodoCon 2015: Meet Speaker Laura Murphy| |July 21st, 2015|
|The Global Search for Education: Got Good Grit?| |July 17th, 2015|
|How Blended Learning Increases Teacher Job Satisfaction & Retention| |July 14th, 2015|
|The Global Search for Education: How to Improve – From Finland| |July 10th, 2015|
|EdmodoCon 2015: 5 Tips for a Red Carpet-Worthy Viewing Party| |July 7th, 2015|
|The Global Search for Education: What Germany Did| |July 3rd, 2015|
|Content is King: Edmodo Announces New Content Capabilities at ISTE 2015| |June 29th, 2015|
|The Global Search for Education: 12 Teacher Bloggers Discuss How to Demonstrate Leadership in the Classroom| |June 26th, 2015|
|The Global Search for Education: How to Improve – From Australia| |June 19th, 2015|
|How to Turn Students Into Good Digital Citizens on Edmodo| |June 17th, 2015|
|The Global Search for Education: The Secret to Canada’s Success| |June 12th, 2015|
|5 Ways Your District Can Use Edmodo This Summer| |June 11th, 2015|
|EdmodoCon 2015: Edmodie Award Nominations Now Open| |June 10th, 2015|
|Safety in Numbers: Teaching an Entire Classroom About Digital Citizenship| |June 9th, 2015|
|The Global Search for Education: Got Mobile? Get it Right!| |June 5th, 2015|
|The Global Search for Education: South Africa – Future Focus| |May 29th, 2015|
|Paving the Road to Success in Education| |May 28th, 2015|
|7 Ways to Prep Your Digital Classrooms for Summer Break| |May 26th, 2015|
|The Global Search for Education: China – To Follow or Not to Follow?| |May 22nd, 2015|
|The Global Search for Education: Digital Literacy Tips & Tricks| |May 15th, 2015|
|Bring Authors Into Your Literature Classroom to Truly Make Reading FUN| |May 13th, 2015|
|EdmodoCon 2015: Michael Horn to Deliver Closing Keynote| |May 12th, 2015|
|Remembering the Teachers Next Door| |May 9th, 2015|
|The Global Search for Education: A World of Oppi-tunities!| |May 8th, 2015|
|At a Loss for Words: How I Got Through My First Year at an American High School| |May 8th, 2015|
|How Birkenstocks and Punk Rock Got Me to Read Dorothy Parker| |May 7th, 2015|
|Making Time for Life-Changing Conversations| |May 6th, 2015|
|Learning the Logic of Life With John Newburger| |May 5th, 2015|
|Everything I Know About Art, I Learned in 5th Grade| |May 4th, 2015|
|The Global Search for Education: 12 Teacher Bloggers Weigh In On Balancing Assessment Prep With Teaching And Learning| |May 1st, 2015|
|Is Parental Involvement Important to Student Learning? Edmodo Teachers Say, “Yes!”| |April 29th, 2015|
|The Global Search for Education: Creating Global Competence In Your Classroom| |April 24th, 2015|
|EdmodoCon 2015: Reserve Your Spot Today| |April 22nd, 2015|
|The Global Search for Education: What the World Can Learn from Latin America| |April 17th, 2015|
|It Isn’t Mobile Learning If the Devices Stay in the Classroom| |April 15th, 2015|
|The Global Search for Education: Education and Gender| |April 10th, 2015|
|Help Students Position Themselves Today for a Successful Tomorrow| |April 6th, 2015|
|The Global Search for Education: United States and Finland – Why are they so great?| |April 3rd, 2015|
|Celebrating the White House Science Fair and All STEM Teachers| |March 23rd, 2015|
|Why You Should Apply to Speak at This Year’s EdmodoCon| |March 10th, 2015|
|EdmodoCon 2015: Call for Speakers| |February 18th, 2015|
|Edmodo and Cambridge University Press Partner to Bring Snapshot to UK Schools| |February 10th, 2015|
|It’s So Hard to Say Goodbye: One Teacher’s Ballad to His First School| |December 29th, 2014|
|Welcome Vibhu Mittal as CEO of Edmodo| |December 22nd, 2014|
|A Look Back at 2014: We Had the Most Wonderful Time This Year| |December 17th, 2014|
|Get Ready for Hour of Code 2014!| |December 3rd, 2014|
|Give the Gift of Literacy| |December 2nd, 2014|
|What’s Cooking for Thanksgiving?  How about the #KidsCreateKatMcGee Writing Contest!| |November 20th, 2014|
|Top 5 Edmodo Connect Apps for iPad| |November 5th, 2014|
|Digital Citizenship Week is Here| |October 21st, 2014|
|Register for the October 21 “Digital Age of Assessment” Webinar| |October 7th, 2014|
|Drawing Conclusions: How Weezer Helps Teach My Students About Inferences| |October 2nd, 2014|
|Calling All Teachers: Encourage Students to Create the Next Kat McGee Adventure!| |September 30th, 2014|
|Get Free Common Core Resources in a Snap| |September 29th, 2014|
|Build Community: Teach Digital Citizenship in Edmodo| |September 22nd, 2014|
|Allusions of Grandeur: Teaching Critical Thinking Through the Music of Josh Ritter| |September 18th, 2014|
|Mood Swings: Using Lyrics to Teach Contrasting Writing Concepts| |September 11th, 2014|
|Top 5 Math and ELA-Based Apps| |September 10th, 2014|
|Top 5 Creativity Apps for Your Classroom| |September 9th, 2014|
|Support Tip of the Week: Discover Where Your Students Stand in a Snap| |September 8th, 2014|
|It’s Time to Bring Some Balance to Student Testing| |September 3rd, 2014|
|The Power of Edmodo and Small Groups| |August 28th, 2014|
|Calling All Students: Create the Next Kat McGee Adventure!| |August 27th, 2014|
|Support Tip of the Week: Quick and Easy Ways to Get Your Students on Edmodo| |August 25th, 2014|
|#EdmodoChat Rewind: Digital Citizenship in Your Classroom| |August 22nd, 2014|
|Back-to-School Readiness: New Privacy Resources| |August 21st, 2014|
|Design New Ways to Spark Student Creativity With Tackk| |August 21st, 2014|
|Download the Redesigned Edmodo iPhone App| |August 20th, 2014|
|Top 5 Things You Missed About School| |August 19th, 2014|
|Support Tip of the Week: Help Students Express Themselves With Custom Avatars| |August 18th, 2014|
|#EdmodoChat Rewind: Starting the School Year With Edmodo| |August 15th, 2014|
|Ace the School Year With Edmodo Webinars and FAQs| |August 14th, 2014|
|Get Your EdmodoCon 2014 Recordings, Certificate, and More| |August 13th, 2014|
|My Journey to EdmodoCon 2014 and Back| |August 12th, 2014|
|10 Things I Learned at EdmodoCon 2014| |August 11th, 2014|
|#EdmodoChat Rewind: EdmodoCon 2014 Takeaways| |August 8th, 2014|
|EdmodoCon 2014 Wrap-Up: iPhone App Makeover, Avatars, and Edmodo Shop| |August 7th, 2014|
|5 Ways to Prep for EdmodoCon 2014 on August 6| |August 4th, 2014|
|4 Ways to Become a Snapshot Trailblazer| |July 31st, 2014|
|Meet Steve Johnson, EdmodoCon 2014 Speaker| |July 29th, 2014|
|#EdmodoChat Rewind: Why Educators Love EdmodoCon| |July 25th, 2014|
|Meet Monique Dalli & Jessica McCarthy, EdmodoCon 2014 Speakers| |July 22nd, 2014|
|#EdmodoChat Rewind: Using Edmodo for Professional Development| |July 18th, 2014|
|Meet Shellie Carson & Deanna Menchaca, EdmodoCon 2014 Speakers| |July 18th, 2014|
|Meet Valerie (Shull) Knauer, EdmodoCon 2014 Speaker| |July 17th, 2014|
|Meet Nathan Garvin, EdmodoCon 2014 Speaker| |July 17th, 2014|
|Meet James Garner & Rachel Stokes, EdmodoCon 2014 Speakers| |July 16th, 2014|
|Meet Beatrice Lopez, EdmodoCon 2014 Speaker| |July 15th, 2014|
|Meet Stacy Lynn Fritz, EdmodoCon 2014 Speaker| |July 15th, 2014|
|Meet Sheryl Place, EdmodoCon 2014 Speaker| |July 14th, 2014|
|Meet Robert Miller, EdmodoCon 2014 Speaker| |July 14th, 2014|
|Register for Our July 22 “Train-the-Trainer” Webinar| |July 10th, 2014|
|How to Host an EdmodoCon 2014 Viewing Party| |July 9th, 2014|
|Steve Dembo to Keynote EdmodoCon 2014| |July 8th, 2014|
|Edmodo Website Gets a Makeover| |July 2nd, 2014|
|Introducing Edmodo for Windows 8.1| |July 1st, 2014|
|EdmodoCon 2014 Speakers Revealed| |July 1st, 2014|
|Calling All Aspiring Edmodo Ambassadors| |June 30th, 2014|
|Snapshot Can Now Make Schools and Districts Anything But Standard| |June 30th, 2014|
|#EdmodoChat Rewind: Unlimited Ideas for Classrooms With Limited Access| |June 27th, 2014|
|Webinar Rewind: The Many Ways to Assess Your Students With Edmodo| |June 24th, 2014|
|Come Say “Hi!” at ISTE 2014| |June 23rd, 2014|
|#EdmodoChat Rewind: Uncovering Edmodo’s Hidden Treasures| |June 20th, 2014|
|Keep Students Tuned In to Safety Year-Round| |June 17th, 2014|
|#EdmodoChat Rewind: Gamification on Edmodo| |June 13th, 2014|
|Show & Tell: David Casseres, Edmodo| |June 10th, 2014|
|Webinar Rewind: Creating a Blended Elementary Classroom with Edmodo| |June 5th, 2014|
|Partnering With Educators to Reinforce Student Safety| |June 3rd, 2014|
|Join the Founders4Schools Community on Edmodo| |June 2nd, 2014|
|Register for Our June 17 Teachers’ Lounge Webinar| |June 1st, 2014|
|Your 2014 End of School Year Checklist| |May 23rd, 2014|
|Kindness Matters: Writing with StoryLines Pages & Edmodo| |May 22nd, 2014|
|iPad App Gets New Functionality, New Features| |May 21st, 2014|
|Make Summer a Page Turner With Reward-Based Reading Program| |May 20th, 2014|
|Register for EdmodoCon 2014| |May 19th, 2014|
|The Power of Connecting Students on Edmodo [Video]| |May 13th, 2014|
|How to Use Edmodo for Professional Development [Webinar]| |May 12th, 2014|
|Teacher Appreciation Week: Realizing Personal Potential With Phyllis Speicher| |May 10th, 2014|
|Teacher Appreciation Week: The Biology of Compassion With Ginger Belka| |May 9th, 2014|
|Teacher Appreciation Week: Two Questions for Todd Fadoir| |May 8th, 2014|
|Teacher Appreciation Week: Storytime With Mrs. Torgerson| |May 7th, 2014|
|Teacher Appreciation Week: Remembering Debbie Spets| |May 6th, 2014|
|Teacher Appreciation Week: The Magical Realism of Alice Price| |May 5th, 2014|
|“Welcome to Edmodo” Webinars – May 2014| |May 2nd, 2014|
|Introducing Snapshot: A Brand New Tool to Help Mold Common Core to Your Standards| |May 1st, 2014|
|Three More Tips to Borrow for Using Edmodo in Your Library| |April 29th, 2014|
|Register for Our May 20 Teachers’ Lounge Webinar| |April 28th, 2014|
|Show & Tell: Allison Laureano, Edmodo| |April 27th, 2014|
|Webinar Rewind: When the Teacher’s Away, Edmodo Keeps Student Learning in Play| |April 23rd, 2014|
|Three Kindergarten-Sized Approaches to Edmodo| |April 21st, 2014|
|Using Edmodo for Exit Tickets and Other Formative Assessment| |April 16th, 2014|
|Shannon Miller Lends Her Expertise for Using Edmodo in Your Library| |April 15th, 2014|
|The Importance of Student Data Privacy| |April 14th, 2014|
|EdmodoCon 2014: Call for Speakers| |April 14th, 2014|
|Unleash the Power of Positivity With StoryLines Pages| |April 11th, 2014|
|Animal Tales: Brody, Certified Therapy Dog and Leader of the PAWS Pack| |April 10th, 2014|
|New Notifications for U.S. Accounts| |April 9th, 2014|
|CK-12 Launches Free Math and Science Practice Apps on Edmodo| |April 8th, 2014|
|Register for Our April 15 Teachers’ Lounge Webinar| |March 31st, 2014|
|Webinar Rewind: Designing Positive Critique Groups and Peer Collaboration With Edmodo| |March 29th, 2014|
|“Welcome to Edmodo” Webinars – April 2014| |March 28th, 2014|
|Bringing Historical Perspectives to Life on Edmodo| |March 28th, 2014|
|Women’s History Month: Nadia Boulanger, Composing Comprehension| |March 27th, 2014|
|Tips & Tricks: Powering Up Your Edmodo Network, Part Three| |March 25th, 2014|
|Tips & Tricks: Powering Up Your Edmodo Network, Part Two| |March 24th, 2014|
|Tips & Tricks: Powering Up Your Edmodo Network, Part One| |March 21st, 2014|
|Women’s History Month: Maria Montessori, Breaking Barriers| |March 20th, 2014|
|Show & Tell: Brooks Dougherty, Edmodo| |March 17th, 2014|
|Women’s History Month: Anne Sullivan, Changing Perceptions| |March 13th, 2014|
|Great Formulas for Common Core Math Prep| |March 11th, 2014|
|Ban Bossy and Encourage Leadership in the Classroom| |March 10th, 2014|
|Women’s History Month: Michelle Obama, Empowering Potential| |March 6th, 2014|
|Register for Our March 18 Teachers’ Lounge Webinar| |March 5th, 2014|
|Connect to Third-Party Apps With Edmodo| |March 4th, 2014|
|And the Award Goes to…Teachers!| |March 3rd, 2014|
|Register for Our First Spanish-Language Intro Webinar| |February 28th, 2014|
|Edmodo on the Road: SXSWedu 2014| |February 25th, 2014|
|Webinar Rewind: Gamifying the Classroom with Edmodo| |February 24th, 2014|
|Calculate the Perfect Collaboration Equation on Edmodo| |February 19th, 2014|
|Share the Love on Edmodo| |February 14th, 2014|
|Teachers’ Lounge: Gamifying the Classroom with Edmodo| |February 12th, 2014|
|Show & Tell: Misha Tucker, Edmodo| |February 11th, 2014|
|Edmodo Apps Now Optimized for iPad| |February 10th, 2014|
|FETC 2014: Top 10 Takeaways| |February 7th, 2014|
|Go for Gold With Olympic-Sized Lesson Plans| |February 6th, 2014|
|Celebrating Black History Month on Edmodo| |January 31st, 2014|
|Webinar Rewind: Mastering the Standards with Edmodo| |January 28th, 2014|
|Introducing Our New Developer Website| |January 27th, 2014|
|Premium Edmodo Apps Go International| |January 23rd, 2014|
|Android App Gets a Makeover| |January 22nd, 2014|
|Make a Digital Learning Difference February 5| |January 21st, 2014|
|Edmodo on the Road: Winter 2014| |January 17th, 2014|
|New Year, New Ways to Help Parents Get the Most Out of Edmodo| |January 16th, 2014|
|Show & Tell: Jake Giles, Edmodo| |January 14th, 2014|
|Edmodo Staff Gives Back to Schools in Need| |January 10th, 2014|
|Free, Live Edmodo Webinars| |January 8th, 2014|
|Edmodo Cofounder Nic Borg Named to Forbes “30 Under 30”| |January 7th, 2014|
|Living on One: Education Series Highlights Global Issues| |January 6th, 2014|
|Reserve your spot for our next Teachers’ Lounge webinar!| |January 3rd, 2014|
|Top 13 of 2013: The Year in Edmodo Apps| |December 30th, 2013|
|Edmodo Ho-Ho-Holiday Cheer – Week Three Winners| |December 23rd, 2013|
|FAQ: How to Manage Groups at the End of a Grading Period| |December 20th, 2013|
|2013 Year in Review, All in Rhyme (Just for You)| |December 19th, 2013|
|Edmodo Ho-Ho-Holiday Cheer – Week Two Winners| |December 16th, 2013|
|Gamify the Hour of Code and Collaborate with Edmodo| |December 12th, 2013|
|Webinar Rewind: Coding Made Easy With LearnStreet & Edmodo| |December 11th, 2013|
|Edmodo Ho-Ho-Holiday Cheer – Week One Winners| |December 7th, 2013|
|Introducing the Teacher’s Lounge| |December 5th, 2013|
|Enter Our Ho-Ho-Holiday Cheer Giveaway| |November 25th, 2013|
|Webinar: Help Students Code a Holiday Card – Perfect for All Ages!| |November 22nd, 2013|
|Edmodo Now Available in 中文| |November 15th, 2013|
|Power of One Contest Winners| |November 15th, 2013|
|Show & Tell: Elena Ontiveros, Edmodo| |November 13th, 2013|
|What’s New: Assignment Locks, Image Scrolling, and More!| |November 11th, 2013|
|Webinar Rewind: The Power of Collaboration on Edmodo| |November 8th, 2013|
|Comprehending the Common Core with Snappiness| |November 7th, 2013|
|Salute Veterans Day on Edmodo| |November 6th, 2013|
|Webinar Rewind: Teaching Digital Citizenship with Edmodo| |October 30th, 2013|
|Valencia Robinson Named People Magazine Teacher of the Year| |October 28th, 2013|
|Edmodo Shares Its “Power of One” Stories| |October 24th, 2013|
|Tips & Tricks: Safeguarding Your Groups| |October 23rd, 2013|
|Updated Digital Citizenship Starter Kit from Edmodo & Common Sense Media| |October 17th, 2013|
|Turn History into Art with Storyboard That!| |October 14th, 2013|
|Frequently Asked Questions About The New iPad App| |October 8th, 2013|
|Make Coding Fun for Students with LearnStreet| |October 3rd, 2013|
|Connected Educators: Enter to Win a Trip to FETC!| |October 1st, 2013|
|Edmodo Awards 10 Most Collaborative Districts Across the U.S.| |October 1st, 2013|
|Join an Edmodo New User Group| |September 30th, 2013|
|Celebrate Connected Educator Month With Edmodo| |September 26th, 2013|
|ISTE 2014 Call for Speakers| |September 24th, 2013|
|Edmodo Wins Bammy Award for Best Teaching Tool| |September 23rd, 2013|
|Introducing Quizzes for iPad!| |September 20th, 2013|
|Free Webinar: How to Incorporate Social Media Into Your Classroom| |September 19th, 2013|
|Scheduled Site Maintenance| |September 13th, 2013|
|Five Ways to Get Your Students on Edmodo| |September 13th, 2013|
|Back to School with Edmodo: Quick Guides| |September 5th, 2013|
|Edmodo Turns Five!| |September 3rd, 2013|
|Training Resources to Help You Teach Edmodo| |August 28th, 2013|
|Back to School: Your Most Frequently Asked Questions Answered| |August 26th, 2013|
|3 Ways to Collaborate Using The Co-Teacher Feature| |August 22nd, 2013|
|SXSWedu Panel Picker Now Open – We Need Your Vote!| |August 20th, 2013|
|Try Out The New Edmodo App for iPad [Interactive Demo]| |August 16th, 2013|
|EdmodoCon 2013: Recordings, Photos, and More!| |August 15th, 2013|
|5 Ways to Use Audioboo in Your Classroom| |August 13th, 2013|
|This Year’s Edmodie Award Winners Are…| |August 9th, 2013|
|EdmodoCon 2013: Over 25,000 registrants, iPad App launch, and much more| |August 7th, 2013|
|Meet the Speakers of EdmodoCon: Stibaly Johnson| |August 6th, 2013|
|Meet the Speakers of EdmodoCon: Pernille Ripp| |August 6th, 2013|
|Lean In: Join the Conversation About Fostering Student Self-Esteem and Leadership| |August 6th, 2013|
|Meet the Speakers of EdmodoCon: Liz Calderwood| |August 5th, 2013|
|Meet the Speakers of EdmodoCon: Kate Baker| |August 5th, 2013|
|Edmodo Features: SSL Enabled| |August 2nd, 2013|
|Meet the Speakers of EdmodoCon: Melissa Butler and Elissa Malespina| |August 2nd, 2013|
|Meet the Speakers of EdmodoCon: Bijal Damani| |July 31st, 2013|
|EdmodoCon 2013 Attendee Checklist| |July 31st, 2013|
|Meet the Speakers of EdmodoCon: Patrick Fogarty| |July 30th, 2013|
|10 Tips for Getting Started With Edmodo| |July 30th, 2013|
|Meet the Speakers of EdmodoCon: Christine Baker| |July 29th, 2013|
|Host an EdmodoCon Viewing Party| |July 25th, 2013|
|Meet the Speakers of EdmodoCon: Kim McMonagle| |July 24th, 2013|
|The New and Improved Edmodo Help Center| |July 23rd, 2013|
|Meet the Speakers of EdmodoCon: Denise Yamashita| |July 19th, 2013|
|The New Edmodo Is Here| |July 15th, 2013|
|Meet the Edmodo Team In the Support Community| |July 12th, 2013|
|Introducing Edmodo’s Brand New Look| |July 11th, 2013|
|Teacher Mary Baker Flips Her Classroom With Edmodo| |July 11th, 2013|
|Become an Edmodo Support Ambassador!| |July 9th, 2013|
|Edmodo Features: Updated Reply Notifications| |July 5th, 2013|
|A Guide to Getting Started With Edmodo| |June 28th, 2013|
|A Safe and Easy Way to Collaborate and Learn| |June 27th, 2013|
|Scheduled Site Maintenance| |June 27th, 2013|
|4 New Edmodo Apps Launch at ISTE| |June 25th, 2013|
|Our Commitment to User Safety and Security| |June 22nd, 2013|
|Edmodo Wins Silver Stevie for Excellence in Customer Support| |June 20th, 2013|
|Reserve Your Spot For EdmodoCon 2013| |June 17th, 2013|
|How I Use Edmodo Over the Summer to Prepare For the New Year| |June 12th, 2013|
|Advance Students’ Interest in STEM Through Robotics Summer Learning| |June 10th, 2013|
|An Open Letter to Superintendents From Edmodo CEO, Crystal Hutter| |June 7th, 2013|
|Edmodo at ISTE 2013| |May 30th, 2013|
|8 Tips to Encourage Engagement With Students| |May 28th, 2013|
|Teacher Katharine Hale Shares How She Uses Role Playing To Engage Students| |May 23rd, 2013|
|Developing Writing Skills With Edmodo| |May 21st, 2013|
|Summer Reading on Edmodo – Win Free Books For Your School Library| |May 20th, 2013|
|2013 End of Year Best Practices| |May 20th, 2013|
|Scheduled Site Maintenance| |May 17th, 2013|
|Meet The Team: Dave, Bruno, Jose and Mark| |May 15th, 2013|
|Edmodo Named Finalist in 2013 Stevie Awards| |May 14th, 2013|
|Win a Trip to ISTE 2013| |May 8th, 2013|
|New! Sign up For Edmodo Apps Professional Development| |May 7th, 2013|
|Going One-to-One: iPads and Mobile Devices in Education| |May 3rd, 2013|
|Co-Teaching to Meet Common Core Standards| |May 2nd, 2013|
|Going Paperless with Edmodo| |April 30th, 2013|
|5 Tips to Help You Manage Information Overload| |April 23rd, 2013|
|Creating a Paperless Classroom With Edmodo Quizzes & Assignments| |April 22nd, 2013|
|Edmodo Wins Return on Education (ROE) Innovation Award| |April 18th, 2013|
|Using Edmodo Polls to Run a March Madness Tournament| |April 17th, 2013|
|Poetry Comes to Life at South Orange Middle School| |April 15th, 2013|
|Edmodo Features: Updated Teacher and Student Profiles| |April 11th, 2013|
|Supporting Student STEM Projects With Edmodo| |April 10th, 2013|
|Common Sense Media Launches 1-to-1 Essentials Program| |April 9th, 2013|
|Edmodo Wins 2013 EdTech Digest Award for Best Product| |April 8th, 2013|
|EdmodoCon 2013: Call for Presenters Now Open| |April 8th, 2013|
|High School Students Showcase How Edmodo Promotes Blended Learning [Video]| |April 5th, 2013|
|Edmodo How-to: Adding Your Twitter Feed to Your Edmodo Group| |April 4th, 2013|
|Edmodo Teachers Can Save 160 Million Pieces of Paper This Earth Week| |April 3rd, 2013|
|5 Effective Conversation Starters for Online Discussions| |April 2nd, 2013|
|Share Your Best April Fools’ Day Pranks [Giveaway]| |April 1st, 2013|
|6 Activities to Celebrate National Poetry Month| |March 28th, 2013|
|Making Classroom Time More Valuable With Edmodo| |March 27th, 2013|
|Edmodo How-to: Locking and Unlocking Your Groups| |March 25th, 2013|
|3 Flashcard Apps to Prepare for Spring Assessments| |March 20th, 2013|
|Edmodo for Digital Citizenship, Support, & Professional Development| |March 18th, 2013|
|Principal David DeRosa Shares How Edmodo Has Made His School a Community| |March 15th, 2013|
|Edmodo How-to: Select Your School and Stay Connected| |March 14th, 2013|
|Making Connections and Building Your PLN [Video]| |March 13th, 2013|
|Edmodo at CUE 2013| |March 11th, 2013|
|Celebrate Women’s History Month With These 4 Teaching Resources| |March 11th, 2013|
|Using Pixton and GoAnimate! Apps to Teach Digital Citizenship| |March 8th, 2013|
|Using Google Hangouts and Edmodo to Engage Students| |March 7th, 2013|
|Get Edmodo News and Tips Delivered to Your Inbox [Giveaway]| |March 6th, 2013|
|Edmodo Acquires Education Technology Start-up Root-1| |March 5th, 2013|
|Conference Season: Edmodo Team on the Road| |March 1st, 2013|
|Using StoryWorks and Edmodo for Debate and Persuasive Writing| |February 28th, 2013|
|Teacher Cary Fields Shares the Power of Edmodo at Parent Conferences| |February 27th, 2013|
|Edmodo Chairs Kids and Education Working Group| |February 26th, 2013|
|Enjoy Some BBQ With Edmodo at SxSWedu 2013| |February 25th, 2013|
|Video Resources to Help You Introduce Edmodo| |February 22nd, 2013|
|Edmodo Featured in the Huffington Post| |February 21st, 2013|
|Elissa Malespina Created a “Compliments Group” to Boost Student Self-Esteem| |February 20th, 2013|
|Creating an International Book Club With Edmodo| |February 19th, 2013|
|FETC Recap: The Most Connected Conference of 2013| |February 15th, 2013|
|Love Edmodo Support| |February 14th, 2013|
|Flip Your Classroom With the Edmodo Scavenger Hunt| |February 13th, 2013|
|History Teacher Brian Schum’s Students Stay Up Late Using Edmodo| |February 12th, 2013|
|Enter the National STEM Video Game Challenge| |February 11th, 2013|
|Edmodo How-to: Keeping Your Edmodo Groups Secure| |February 7th, 2013|
|Lessons From FETC: Favorite New Sites & Brain Changers| |February 6th, 2013|
|Edmodo App “Subtext” Helps Language Arts Teachers With Common Core Alignment [Video]| |February 5th, 2013|
|Edmodo at TCEA 2013| |February 1st, 2013|
|Teacher Katherine Drummond Solves the Lost Homework Problem With Edmodo| |January 31st, 2013|
|Edmodo How-to: Managing Notifications| |January 30th, 2013|
|Using Edmodo Quizzes for Personalized Learning| |January 29th, 2013|
|Celebrate Digital Learning Day! 3 Ways to Participate with Edmodo| |January 28th, 2013|
|Teacher Spotlight: William Pulgarin, Bright Star Secondary Academy| |January 26th, 2013|
|#FETC 2013: How’s Your Digital Presence?| |January 24th, 2013|
|Making Global Connections: The Edmodo Pen Pal Project| |January 23rd, 2013|
|Differentiating Homework Using Edmodo| |January 22nd, 2013|
|Edmodo at FETC 2013| |January 21st, 2013|
|Damon Sicore Joins Edmodo as Vice President of Engineering| |January 18th, 2013|
|Teacher Spotlight: Valeria Foarce, Godwin Middle School| |January 18th, 2013|
|Edmodo Apps for MLK Day and Black History Month| |January 17th, 2013|
|5 Problems Edmodo Helps Me Solve| |January 14th, 2013|
|Teacher Spotlight: Keith Pender, Baltimore School| |January 9th, 2013|
|Edmodo How-to: Scheduling Posts| |January 8th, 2013|
|Terms of Service Updates for Edmodo| |January 4th, 2013|
|Teacher Spotlight: Rob Waller, Friends Academy| |January 3rd, 2013|
|Edmodo Holiday Cheer – Week 4 Winners| |January 2nd, 2013|
|Top 20 Shared Resources and Tools of 2012| |December 28th, 2012|
|Scheduled Site Maintenance| |December 22nd, 2012|
|Edmodo Holiday Cheer – Week 3 Winners| |December 21st, 2012|
|Edmodo 2012 Year in Review| |December 20th, 2012|
|Edmodo Features: File Sharing Update for iPad, iPhone and iPod Touch| |December 19th, 2012|
|Help Your Students Become Good Digital Citizens in 2013| |December 17th, 2012|
|Getting Started With the Latest Version of Edmodo| |December 17th, 2012|
|Edmodo Holiday Cheer – Week Two Winners| |December 14th, 2012|
|Teacher Spotlight: Paula Auble, Verrado High School| |December 12th, 2012|
|Update: Site Outage| |December 12th, 2012|
|Edmodo Hits 15 Million Users [Infographic]| |December 11th, 2012|
|Share Your Holiday Activities and Resources| |December 10th, 2012|
|Edmodo Holiday Cheer – Week One Winners| |December 7th, 2012|
|Edmodo Features: New Enhancements to Quizzes| |December 5th, 2012|
|Teacher Spotlight: Tonya Brownfield, Dieck Elementary| |December 4th, 2012|
|Share Your Holiday Cheer for a Chance to Win an Edmodo Prize Pack| |December 3rd, 2012|
|Teacher Spotlight: Marc Lewandowski, St Leonard’s College| |November 29th, 2012|
|Students as Screencasters: Flipping the Professional Development Model| |November 27th, 2012|
|How to Share a Field Trip With Edmodo| |November 20th, 2012|
|Teacher Spotlight: Ann Oro, Saint Michael School| |November 19th, 2012|
|Share Your Thanksgiving Activities and Resources| |November 16th, 2012|
|Edmodo Educators Come Together in the Wake of Hurricane Sandy| |November 10th, 2012|
|Edmodo Media Toolkit| |November 8th, 2012|
|Teacher Spotlight: Lisa Butler, Hershey Middle School| |November 7th, 2012|
|Students Cast Their Vote for President| |November 5th, 2012|
|The Election and the Student Perspective| |October 31st, 2012|
|Edmodo Votes 2012| |October 25th, 2012|
|Share Your Digital Citizenship Story, Get a Free Poster!| |October 22nd, 2012|
|Election 2012: 12 Questions to Engage Students in the Debate| |October 19th, 2012|
|Election 2012: Polling Students via Edmodo| |October 10th, 2012|
|Wondering Coast to Coast: A Read Aloud Project| |October 4th, 2012|
|Vote for Your Favorite SXSWedu Proposals| |October 2nd, 2012|
|Election 2012: Debate Activities for all Subject Areas| |October 2nd, 2012|
|5 Tips for Parents Getting Started with Edmodo| |September 27th, 2012|
|NoRedInk Wins Innovation Challenge; Launches Free Edmodo App| |September 25th, 2012|
|Election 2012: 3 Ways to Engage Students through Edmodo| |September 24th, 2012|
|National School Speed Test| |September 21st, 2012|
|Download the Digital Citizenship Starter Kit from Edmodo & Common Sense Media| |September 19th, 2012|
|Edmodo COO Selected as Mentor for Citi Innovation Challenge| |September 18th, 2012|
|Join the Election Insights Community| |September 14th, 2012|
|Edmodo Reaches 10 Million Users| |September 11th, 2012|
|Introducing the Latest Version of Edmodo| |September 4th, 2012|
|Submit Your SXSWedu Session Proposal| |August 31st, 2012|
|The Edmodo Rap| |August 30th, 2012|
|Edmodo Schools and Districts in the News| |August 27th, 2012|
|EdmodoCon 2012 Recordings Now Available| |August 21st, 2012|
|5 Edmodo Activities for the First Day of School| |August 16th, 2012|
|Your Back to School Checklist| |August 13th, 2012|
|Join us Live for EdmodoCon 2012| |August 8th, 2012|
|Back-to-School Subdomain Best Practices| |August 1st, 2012|
|Edmodo Webinar Schedule – August 2012| |July 30th, 2012|
|EdmodoCon 2012 Schedule and Checklist| |July 27th, 2012|
|How to Organize an EdmodoCon Viewing Party| |July 25th, 2012|
|Edmodo Receives eSchool Media’s Reader’s Choice Award| |July 23rd, 2012|
|New Enterprise Associates, Inc. Joins the Edmodo Team| |July 19th, 2012|
|A Sneak Peek at the EdmodoCon 2012 Schedule| |July 18th, 2012|
|Meet the Edmodo Support Ambassadors| |July 13th, 2012|
|Edmodo Webinar Schedule – July 2012| |July 3rd, 2012|
|Let’s Go Back to School with 1 Million Teachers| |June 25th, 2012|
|Edmodo at ISTE 2012| |June 20th, 2012|
|Nominations Open for PEOPLE’s Teacher of the Year Award| |June 18th, 2012|
|Spotlight Webinar: Conferences Powered by Edmodo| |June 5th, 2012|
|Digital Citizenship Poster Now Available in 6 Languages| |June 4th, 2012|
|Join the EdmodoCon Community| |May 31st, 2012|
|8 Ways to Use Edmodo Over the Summer| |May 29th, 2012|
|Video: How To Archive Your Edmodo Groups| |May 25th, 2012|
|Registration for EdmodoCon 2012 is Now Open| |May 22nd, 2012|
|Maker Faire: Follow our STEM ‘field trip’ for teachers, students and families| |May 18th, 2012|
|How to Organize Your Edmodo Library| |May 16th, 2012|
|3 End of Year Tips and Best Practices| |May 14th, 2012|
|EdmodoCon 2012: Call for Presenters| |May 10th, 2012|
|Incentivize Students with Badges| |May 4th, 2012|
|Save the Date: Wed. August 8th – EdmodoCon 2012| |May 2nd, 2012|
|Free Download: Digital Citizenship Poster| |April 30th, 2012|
|Earn an Edmodo Training Badge| |April 25th, 2012|
|Shared This Week: Earth Day 2012| |April 20th, 2012|
|How to Use Edmodo Small Groups| |April 18th, 2012|
|School and District Trainers: Get Edmodo Certified| |April 12th, 2012|
|Edmodo Named 2012 Webby Awards Official Honoree| |April 11th, 2012|
|EdmodoCon 2012 Advisory Meeting: Call for Educators| |April 10th, 2012|
|Spotlight Webinar: Building Leadership PLNs| |April 6th, 2012|
|8+ Ideas to Celebrate National Poetry Month| |April 4th, 2012|
|Edmodo Webinar Schedule – April 2012| |April 2nd, 2012|
|Shared This Week: ‘The Hunger Games’ Edition| |March 27th, 2012|
|Join Your School or District Edmodo Community| |March 21st, 2012|
|Video: CEO Nic Borg’s Presentation at SXSWedu| |March 20th, 2012|
|Google Docs Integration is Now Available| |March 16th, 2012|
|Edmodo Platform Open to Third Party Developers| |March 9th, 2012|
|Edmodo Webinar Schedule – March 2012| |March 2nd, 2012|
|Edmodo on the Road: March Ed Tech Conference Schedule| |February 28th, 2012|
|North Carolina Spotlight Webinar – Recording Now Available| |February 24th, 2012|
|How to Organize Group Posts with Tags| |February 22nd, 2012|
|North Carolina Spotlight Webinar| |February 6th, 2012|
|Black History Month: Shared Content from the Communities| |February 3rd, 2012|
|Edmodo Webinar Schedule – February 2012| |January 31st, 2012|
|Edmodo Powering FETC 2012| |January 24th, 2012|
|New Release: Parent Account Updates, Moderated Posts and French| |January 20th, 2012|
|Have you submitted your Edmodo project for Digital Learning Day? New Toolkits now available| |January 20th, 2012|
|Edmodo Spotlight Session at FETC| |January 17th, 2012|
|Have you submitted your project yet? Digital Learning Day: 2/1/2012| |January 9th, 2012|
|Edmodo Mini-Lesson Showcase| |January 6th, 2012|
|Edmodo Webinar Schedule – January 2012| |January 3rd, 2012|
|Project Based Learning with Edmodo| |December 29th, 2011|
|A Fun Little Project for Your Holiday: Edmodo Mini-lesson Challenge| |December 28th, 2011|
|11 Most Read Blog Posts of 2011| |December 22nd, 2011|
|Holiday Checklist Day 5: Relax & Reflect| |December 16th, 2011|
|Holiday Checklist Day 4: Edmodo Mini-Lessons| |December 15th, 2011|
|Holiday Checklist Day 3: Getting Students Signed Up| |December 14th, 2011|
|Holiday Checklist Day 2: Organizing Groups and Resources| |December 13th, 2011|
|Holiday Checklist: Get Ready for 2012 with Edmodo| |December 12th, 2011|
|Welcome Greylock Partners and Benchmark Capital to the Edmodo Team| |December 8th, 2011|
|Edmodo iPhone Update with Mobile Gradebook Now Available| |December 7th, 2011|
|How to Annotate Assignments in Edmodo| |December 2nd, 2011|
|3 Tips for Easy Content Sharing| |December 2nd, 2011|
|Edmodo Webinar Schedule – December 2011| |December 1st, 2011|
|New Release: Mobile Gradebook, Assignment Annotation and More| |November 28th, 2011|
|Spotlight Webinar Recording Available| |November 23rd, 2011|
|FETC 2012 Welcomes Edmodo Educators with Conference Discount Offer| |November 21st, 2011|
|Report from the Tundra:  Magical Moments| |November 13th, 2011|
|Edmodo Receives Tech & Learning Award of Excellence| |November 11th, 2011|
|3 Ways to Recognize Veteran’s Day with Students as shared by the Edmodo Community| |November 11th, 2011|
|Spotlight Webinar: From Computer Lab to 1:1| |November 7th, 2011|
|New Release: Join Group URL, More Quiz Enhancements and Greek Language| |November 3rd, 2011|
|The Big Adventure| |November 2nd, 2011|
|Event Details for Tundra Connections Global Webcast- Register Now| |October 31st, 2011|
|Save the Date: Tundra Connections: A Global Webcast Event, Nov.14-16| |October 28th, 2011|
|Teacher Rollout Resources| |October 24th, 2011|
|Enhancements: Quiz Updates and Resources, Printable Rosters, German language| |October 14th, 2011|
|Student 2.0: The Power of Peer Feedback- Bringing out the Best in Every Student| |October 14th, 2011|
|Apply now for EdmodoCon Orlando| |October 12th, 2011|
|Latest Release: What’s New in Edmodo| |October 9th, 2011|
|Student 2.0: Positive Digital Footprints and College Planning| |October 9th, 2011|
|Student 2.0: Using Problem Solving and Brainstorming to Build Games| |September 30th, 2011|
|Study Blue Joins the Edmodo Community| |September 27th, 2011|
|4 Ways to Use Edmodo for Mobile Learning| |September 27th, 2011|
|Student 2.0: Blogging is the new way to journal| |September 24th, 2011|
|4 Edmodo Best Practices Every Teacher Should Follow| |September 20th, 2011|
|Student 2.0: Got Food?| |September 16th, 2011|
|Spotlight: Global Learning Networks w/ Nashville,TN and Brunswick, NC| |September 14th, 2011|
|Students Respond to NYT: Why Schools Need To Invest In Technology| |September 9th, 2011|
|Student 2.0: A New Featured Blogger Series| |September 9th, 2011|
|EdmodoCon2011 en español| |September 4th, 2011|
|Update on Quizzes| |August 31st, 2011|
|Featured Blogger Update| |August 24th, 2011|
|Edmodo Back to School: 9 Tips For Online Safety| |August 19th, 2011|
|New Release: Folder Play View, Shared Badges, Search Updates and More| |August 16th, 2011|
|EdmodoCon 2011: Educator Toolkit and Recorded Sessions| |August 15th, 2011|
|New to Edmodo? Share your experience! Call for Featured Bloggers| |August 12th, 2011|
|EdmodoCon 2011 is Streaming Live!| |August 10th, 2011|
|District Spotlight Webinar Series| |August 9th, 2011|
|Important Update Regarding EdmodoCon 2011| |August 5th, 2011|
|Back-to-School Administrator Checklist| |August 3rd, 2011|
|Back to School with Edmodo: 5 Steps to Getting Started| |August 2nd, 2011|
|Parent Accounts: A Quick Refresher| |July 28th, 2011|
|Edmodo Internationalization: Become an Edmodo Translator| |July 27th, 2011|
|Edmodo Call-to-Action: Help Minot, ND Schools| |July 25th, 2011|
|EdmodoCon 2011 Presentation Schedule| |July 25th, 2011|
|New Administrator Features| |July 21st, 2011|
|New Release: Student Profiles, Badges and Assignment Filtering| |July 21st, 2011|
|Scheduled Maintenance| |July 20th, 2011|
|EdmodoCon Registration Is Now Open| |July 19th, 2011|
|Scheduled Maintenance *updated*| |July 17th, 2011|
|Add and Share Content With The Edmodo Bookmarklet| |July 15th, 2011|
|Be an Edmodo Leader! Present at EdmodoCon, August 10th| |July 12th, 2011|
|Ideas for Using Edmodo: Add yours!| |July 6th, 2011|
EdmodoCon2011 |July 1st, 2011|
|Field Report from ISTE| |June 29th, 2011|
|Be the change you want to see!| |June 24th, 2011|
|New Release: Fresh New Look, New Gradebook, Library and Mobile App!| |June 24th, 2011|
|Guest Post: Games for Change is a Game Changer| |June 23rd, 2011|
|Transforming Teaching & Learning| |June 23rd, 2011|
|My final thoughts on Web 2.0? Use them…a lot.| |June 22nd, 2011|
|Bring It! to ISTE| |June 21st, 2011|
|A Final View from the District| |June 20th, 2011|
|Create a course in Edmodo| |June 17th, 2011|
|Connecting Beyond Our Four Walls | |June 16th, 2011|
|A Bright Idea for Staying Connected over the Summer| |June 15th, 2011|
|You Don’t Want to Miss These Three AMAZING Edmodo Resources| |June 14th, 2011|
|Get Out of the Way| |June 13th, 2011|
|Matching learning spaces to physical and online spaces.| |June 10th, 2011|
|Edmodo & Challenge Based Learning| |June 9th, 2011|
|Edmodo: Before and After| |June 8th, 2011|
|Ideas for Using Edmodo….Let’s Create a List Together!| |June 7th, 2011|
|View from the District:  Spreading the Word| |June 6th, 2011|
|Games for Change Festival| |June 3rd, 2011|
|Keeping busy parents ‘in the loop’| |June 3rd, 2011|
|A Model For Student Communication and Collaboration| |June 2nd, 2011|
|Web 2.0: Edmodians of the Week – Creating an Edmodo RSS feed| |June 1st, 2011|
|Edmodo: The Perfect Place For Kids To Connect This Summer| |May 31st, 2011|
|Why use Edmodo with students? (Your feedback requested!)| |May 30th, 2011|
|PBL + Edmodo = Awesome| |May 27th, 2011|
|Student PLNs: Students As Resources| |May 26th, 2011|
|Web 2.0: Why we love Edmodo| |May 25th, 2011|
|Voice of the Library: Take A Look…What Do You See?| |May 24th, 2011|
|View from the District:  Breathing New Life into an Old System| |May 23rd, 2011|
|VocabularySpellingCity Comes to Edmodo| |May 20th, 2011|
|DIY Teacher:  Innovative, Free and Easy| |May 20th, 2011|
|Maine Dept. of Ed: Open Education Resources Project| |May 19th, 2011|
|Student PLNs:  Reflecting on Reflections| |May 19th, 2011|
|Web 2.0: Newbie tip of the week: Relax!| |May 18th, 2011|
Update |May 17th, 2011|
|Site Issues| |May 17th, 2011|
|Voice of the Library: The Students Aren’t Waiting| |May 17th, 2011|
|View from the District: The BYTE Challenge| |May 16th, 2011|
|DIY Teacher:  Teaching is manic – bring it!!| |May 13th, 2011|
|Student PLN’s: The Power of Publishing| |May 12th, 2011|
|Web 2.0: Getting Organized| |May 11th, 2011|
|Voice of the Library: The “Little Things” That Make A Difference| |May 10th, 2011|
|View from the District:  Sharing ‘Pockets of Innovation’| |May 9th, 2011|
|New Release: Make new Connections with Teacher Profiles and Spotlight Updates| |May 7th, 2011|
|The DIY Teacher: Moving freely between learning spaces| |May 6th, 2011|
|Student PLN’s: Rules For Engagement| |May 5th, 2011|
|Web 2.0: Educator Showcase| |May 4th, 2011|
|Voice of the Library: Connect, Create, Celebrate| |May 3rd, 2011|
|View from the District: It’s all about connecting…| |May 2nd, 2011|
|The DIY Teacher: Are you connected deeply? Part I.| |April 29th, 2011|
|Crocodoc Comes to Edmodo| |April 28th, 2011|
|Student PLNs: It’s All About Relationships| |April 28th, 2011|
|Technovation Challenge: Mentoring the Next Generation of Inventors| |April 27th, 2011|
|Web 2.0 with Brett Gosselin| |April 27th, 2011|
|New Release: Unique URLs, Shared Folders & Trending Content| |April 26th, 2011|
|Raise Their Voice| |April 26th, 2011|
|View from the District: Start with Professional Development| |April 25th, 2011|
|Featured Blogger: The Do-It-Yourself Teacher with Bianca Hewes| |April 22nd, 2011|
|Intermittent Site Issues: Updated| |April 21st, 2011|
|Featured Blogger: Student PLN’s with Liz Castillo| |April 21st, 2011|
|Featured Blogger: Web 2.0 with Bret Gosselin| |April 20th, 2011|
|Featured Blogger: The Voice of the Library with Shannon Miller| |April 19th, 2011|
|Khan Academy Collection Now Available On Edmodo| |April 18th, 2011|
|New Release: Enhanced Group Management| |April 18th, 2011|
|Featured Blogger:  A View from the District with Andy McKiel| |April 18th, 2011|
|Hacking Education with DonorsChoose.org| |April 15th, 2011|
|Edmodo This! ‘Til Death Do Us Part| |April 12th, 2011|
|Meet the Edmodo Featured Blogger Team| |April 11th, 2011|
|Edmodo wins BESSIE Award for EdTech Excellence| |April 8th, 2011|
|Why We love Glogster| |April 5th, 2011|
|Edmodo This!  March Winners| |April 1st, 2011|
|Dear Samantha Anderson: Um…whoops.| |March 30th, 2011|
|4 Easy Ways to Connect with Parents on Edmodo| |March 29th, 2011|
|3 Steps to Creating Your Personal Learning Network (PLN)| |March 28th, 2011|
|Becoming a Featured Blogger: More Details| |March 23rd, 2011|
|Become an Edmodo Featured Blogger!| |March 22nd, 2011|
|Quick Tip: Managing Changes to Your Groups| |March 15th, 2011|
|Edmodo This!  February Photo Winner| |March 14th, 2011|
|Tips for Managing Your Everything Stream| |March 11th, 2011|
|Top Embeds of the Week| |March 8th, 2011|
|Site Enhancements:  New Communities, Read-Only, and more…| |March 4th, 2011|
|Special Report from ICE 2011| |March 3rd, 2011|
|Top 10 Shared Sites of the Week| |March 1st, 2011|
|Register for an Edmodo Webinar| |February 28th, 2011|
|Edmodo This!  New ways to win, by popular demand| |February 23rd, 2011|
|Backchannel the Pearson Common Core Virtual Conference| |February 17th, 2011|
|Enhancing Content Management| |February 17th, 2011|
|Site Maintenance is Complete| |February 16th, 2011|
|Site Currently Undergoing Maintenance| |February 16th, 2011|
|Edmodo This!  Show your Edmodo Pride and Win Prizes!| |February 14th, 2011|
|Want to share a bunch of documents and resources quickly? Use an Edmodo group code.| |February 11th, 2011|
|Find Treasure in the Edmodo Content Area Communities| |February 9th, 2011|
|The Future is Bright at P.S. 287 in Brooklyn, NY| |February 7th, 2011|
|Backchannelling FETC: Edmodo for Professional Development| |February 4th, 2011|
|Download the Free App for iPhone and Android – Stay Connected on the Go| |January 27th, 2011|
|Power search in your Edmodo Library| |January 26th, 2011|
|New Feature: Real time Community updates| |January 24th, 2011|
|Meet Nic & Jeff – the Founders of Edmodo| |January 19th, 2011|
|More Inspiration: 7 brand new ideas from teachers| |January 17th, 2011|
|How are you using Edmodo? Educators from around the world share their ideas| |January 14th, 2011|
|Taking a Global Approach to Education| |January 12th, 2011|
|Parent Accounts Now Available| |January 10th, 2011|
|The first Edmodo Meetup of the new year| |January 5th, 2011|
|All new Edmodo Webinars for the New Year| |January 4th, 2011|
|4 Ways to Stay Connected with Edmodo in 2011| |January 3rd, 2011|
|Holiday Homework: 5 Tools for launching Edmodo in January| |December 22nd, 2010|
|Making Classroom Connections| |December 20th, 2010|
|Attending FETC?  Join the discussion on Edmodo| |December 16th, 2010|
|The Edmodo Community Shares. A lot.| |December 15th, 2010|
|By Popular Demand: ‘Delete Submitted Assignments’ is back| |December 14th, 2010|
|The Assignment and Grading Enhancements You Requested Are Here| |December 13th, 2010|
|Scheduled Upgrades: Sunday 9amPT| |December 10th, 2010|
|Donor’s Choose Update From Team Edmodo’s Edmustache| |December 9th, 2010|
|Welcome Union Square Ventures to the Edmodo Team| |December 7th, 2010|
|One Million Strong and Growing!| |December 6th, 2010|
|Have you scheduled an Edmodo Meetup yet?| |December 3rd, 2010|
|Great resources for Spanish Speaking Edmodo Users| |December 2nd, 2010|
|Take the Edmodo Challenge Today| |December 1st, 2010|
|Get the most out of Edmodo: Publish great work for the world to see!| |November 30th, 2010|
|Get ready for the New Year – join an Edmodo webinar this month| |November 29th, 2010|
|A Teacher’s Perspective: Real world connections using Edmodo [Video]| |November 24th, 2010|
|We asked, you answered!  15 more brilliant ways to use Edmodo| |November 23rd, 2010|
|The Help Center, powered by the Edmodo Community| |November 22nd, 2010|
|Edmodo Edmustache: We’re off and growing!| |November 19th, 2010|
|Edmodo Tip: Ask Questions of your Teacher Connections| |November 18th, 2010|
|7 Brilliant Ways to use Edmodo that will Blow. Your. Mind.| |November 17th, 2010|
|It all adds up:  Edmodo now supports LaTex| |November 16th, 2010|
|Start Spreading the News…| |November 15th, 2010|
|Edmodo’s Edmustache| |November 12th, 2010|
|Do you have a DonorsChoose Project?  Let us know| |November 11th, 2010|
|Spotlight on Lodi Unified School District| |November 10th, 2010|
|By Popular Demand – New Calendar Features| |November 9th, 2010|
|Poetry in Motion| |November 8th, 2010|
|Show and Tell: Pixton for Schools| |November 5th, 2010|
|Will you be at FETC in January? We’d love to meet you| |November 4th, 2010|
|Edmodo for Android is here!| |November 2nd, 2010|
|We’re All in this together…join our new Communities| |November 2nd, 2010|
|Rock the Vote: 3 Ways to Use Edmodo on Election Day| |November 1st, 2010|
|November Webinar Schedule| |October 27th, 2010|
|Glogging just got easier with Edmodo| |October 27th, 2010|
|Teacher Story Webinar:  Live Demo of Edmodo in the Classroom| |September 27th, 2010|
|Denmark Elementary: An Innovation Leader| |September 14th, 2010|
|Teacher Testimonial: How Edmodo Helps Special Needs Students| |September 13th, 2010|
|Edmodo celebrates turning 2 years old with 500,000 users| |September 2nd, 2010|
|Small Groups Help Students Collaborate| |September 2nd, 2010|
|Teacher Testimonial: Why Our Students Love Edmodo| |August 31st, 2010|
|Co-Teaching on Edmodo| |August 25th, 2010|
|Districts Using Edmodo – Interviews With Andover USD in Kansas and Katy ISD in Texas| |August 18th, 2010|
|Schools Using Edmodo – Interview With Ben Wilkoff| |August 17th, 2010|
|School and District Level Features, Free on Edmodo!| |August 17th, 2010|
|Announcing Edmodo Weekly Webinar Series| |July 27th, 2010|
|Top 10 embeddable resources for Teachers| |July 14th, 2010|
|ISTE Highlights| |July 9th, 2010|
|Edmodo iPhone App| |June 25th, 2010|
|Countdown to ISTE| |June 15th, 2010|
|Guest Post: Thomas Scheeler’s Edmodo Experience| |June 11th, 2010|
|Edmodo is attending the ISTE conference in June. Are you?| |May 27th, 2010|
|Edmodo é em casa! Agora em Português| |May 13th, 2010|
|Connect with other teachers| |May 6th, 2010|
|So Long Files, Hello Library| |April 24th, 2010|
|Group public timeline urls and rss feeds have changed| |March 25th, 2010|
|edmodo – a major milestone and a big thank you| |March 24th, 2010|
|Edmodo Undergoing System Upgrade Saturday 3/20 at 9pm PST| |March 19th, 2010|
|Edmodo gets a new home page redesign| |March 2nd, 2010|
|Edmodo on ABC News Chicago: Techno Teaching| |February 9th, 2010|
|Teacher’s Corner: Robert Miller’s Edmodo Experience| |February 2nd, 2010|
|Shared Tags| |January 29th, 2010|
|Edmodo document viewer now online| |January 19th, 2010|
|Re-Tweet this to enter to win an ipod touch from Edmodo| |January 14th, 2010|
|Edmodo Mobile Webapp Updated| |January 3rd, 2010|
|Recent replies filter added| |December 20th, 2009|
|Edmodo Mobile Web Application| |November 27th, 2009|
|Edmodo Polls:  You can now post polls to your Edmodo groups| |September 28th, 2009|
|KSS Summit Edmodo Presentation| |September 16th, 2009|
|Small Interface Change… Big Improvement| |September 15th, 2009|
|One teachers Edmodo experience with a student| |August 13th, 2009|
|Edmodo Store T-Shirts & Mugs| |August 3rd, 2009|
|Edmodo 3.0 Feature Highlights| |August 2nd, 2009|
|Edmodo 3.0 has launched| |July 31st, 2009|
|We are launching Edmodo 3.0 on Friday July 31st| |July 25th, 2009|
|Thank you for a successful Year| |June 7th, 2009|
|Edmodo outage – restored from backup| |May 15th, 2009|
|EdTech Podcast #5 Released| |May 7th, 2009|
|Edmodo gets nod in 2009 Horizon Report K-12 Edition| |March 27th, 2009|
|Introducing Edmodo 2.0| |March 24th, 2009|
|Creative Commons in Education & the Classroom| |February 28th, 2009|
|How-To change your Edmodo Group code| |February 2nd, 2009|
|You can now search within Edmodo| |December 9th, 2008|
|You can now edit posts on Edmodo!!!| |November 11th, 2008|
|Classroom 2.0 Live Workshop Lightning Demo| |November 10th, 2008|
|Assignment Turn-In & Grading System Launched| |October 7th, 2008|
|Edmodo in the news| |September 22nd, 2008|
|We now have a documentation wiki| |September 22nd, 2008|
|Bear with us while we tidy up| |September 20th, 2008|
|New features – Calendar & Notifications| |September 9th, 2008|
|We are launching Edmodo…. NOW!!!!| |September 2nd, 2008|
|Edmodo on Twitter| |May 24th, 2008|
|Edmodo – A screencast teaser| |March 6th, 2008|
